"Term","Estimate","s.e.","t-value"
"Intercept",194.320438421457,79.2622772049087,2.45161311627598
"depth10",-0.454881008136861,0.305104098846286,-1.49090428433095
"areaS",-1.3560733545207,0.864623905521703,-1.56839678600196
"year",-0.095743757218214,0.0392811171943821,-2.4373990369069
"B_da",0.135628157249445,0.149611646820116,0.906534752688844
"W_day",-0.0223004315770413,0.0262298302615473,-0.850193514585323
"W_daty",-0.00391483286450116,0.0239244514825875,-0.163633129367686
