"grp","var1","vcov","sdcor"
"id_i","Intercept",0.0262788511839422,0.162107529695391
"id_i","W_daty",0.00637384225213544,0.0798363466858012
"id_a","Intercept",0.329741493556124,0.574231219593749
"id_a","W_day",0.00999010784285914,0.0999505269763954
"Residual",NA,0.254235486607367,0.504217697634035
