"grp","var1","vcov","sdcor"
"id_i","Intercept",5.56161013064652e-10,2.35830662354294e-05
"id_i","W_daty",3.07544017185954e-11,5.54566512860228e-06
"id_a","Intercept",0.59279725003999,0.769933276355808
"id_a","W_day",1.6179101171997e-10,1.2719709576872e-05
"Residual",NA,0.240265036942154,0.490168376113916
