"Term","Estimate","s.e.","t-value"
"Intercept",-93.4038144494067,95.9092357250616,-0.973877163583734
"depth10",0.385269767400969,1.3348388019661,0.288626437015091
"areaS",0.459565458411578,3.56866796551393,0.128777869740929
"year",0.0467018282974471,0.0474877279968952,0.983450467466048
"B_da",-0.0860994112842073,0.618108966987963,-0.139294874985827
"W_day",0.0190270520845588,0.0747502610035107,0.254541614024133
"W_daty",-0.0242162735782055,0.0392320288701342,-0.617257742605314
