"Site","Y2013","Y2014","B12","B13","MHW","Diff12","Diff13","vs13","vs14"
"Neah Bay",12.5176086956522,12.043152173913,"11.7 (0.37)","11.7 (0.44)","12.5 (0.45)",0.806666666666667,0.73030303030303,0.857608695652173,0.306788537549407
"Tatoosh Island",12.5176086956522,12.043152173913,"11.7 (0.37)","11.7 (0.44)","12.5 (0.45)",0.806666666666667,0.73030303030303,0.857608695652173,0.306788537549407
"Cape Alava",13.5510869565217,12.9172826086957,"12.5 (0.46)","12.6 (0.55)","13.4 (0.54)",0.963333333333331,0.860606060606058,1.08108695652174,0.344555335968378
"Cape Johnson",13.9565217391304,13.3875,"12.9 (0.49)","13 (0.56)","13.9 (0.49)",0.980000000000002,0.881818181818183,1.03652173913044,0.369318181818182
"Destruction Island",14.2601086956522,13.9116304347826,"13.2 (0.71)","13.3 (0.75)","14.3 (0.4)",1.13,1.02727272727273,1.09010869565218,0.638903162055335
