"","Df","SumsOfSqs","MeanSqs","F.Model","R2","Pr(>F)"
"dat.trim.wide$Region",2,0.607971385253977,0.303985692626988,1.02073533390696,0.0783930636581556,0.234
"Residuals",24,7.14745182291562,0.297810492621484,NA,0.921606936341844,NA
"Total",26,7.7554232081696,NA,NA,1,NA
