"tab.Df","tab.Sum.Sq","tab.Mean.Sq","tab.F","tab.N.Perm","tab.Pr..F."
2,0.0501773675482415,0.0250886837741208,0.623455601702841,999,0.542
24,0.96579196487177,0.0402413318696571,NA,NA,NA
