"tab.Df","tab.Sum.Sq","tab.Mean.Sq","tab.F","tab.N.Perm","tab.Pr..F."
1,0.00277482012931566,0.00277482012931566,0.0972770341407253,999,0.747
15,0.427873879044484,0.0285249252696323,NA,NA,NA
