"tab.Df","tab.Sum.Sq","tab.Mean.Sq","tab.F","tab.N.Perm","tab.Pr..F."
2,0.0658578009282555,0.0329289004641277,0.118634525695133,999,0.897
14,3.88592278509612,0.277565913221151,NA,NA,NA
