"tab.Df","tab.Sum.Sq","tab.Mean.Sq","tab.F","tab.N.Perm","tab.Pr..F."
2,0.00617595921519687,0.00308797960759844,0.0690185929099625,999,0.923
24,1.07379051727473,0.0447412715531137,NA,NA,NA
