"tab.Df","tab.Sum.Sq","tab.Mean.Sq","tab.F","tab.N.Perm","tab.Pr..F."
2,1.14125684967267,0.570628424836333,17.1195171154555,999,0.001
24,0.799968953780132,0.0333320397408388,NA,NA,NA
