"tab.Df","tab.Sum.Sq","tab.Mean.Sq","tab.F","tab.N.Perm","tab.Pr..F."
2,0.00502824619920827,0.00251412309960413,0.0862633150356492,999,0.924
14,0.40802655659491,0.0291447540424936,NA,NA,NA
