"tab.Df","tab.Sum.Sq","tab.Mean.Sq","tab.F","tab.N.Perm","tab.Pr..F."
2,0.0472133563511638,0.0236066781755819,0.194397475903034,999,0.86
24,2.91444255426735,0.121435106427806,NA,NA,NA
