"","Df","SumsOfSqs","MeanSqs","F.Model","R2","Pr(>F)"
"dat.trim.wide.1987_2015$Year",1,2.31846392424522,2.31846392424522,8.17220222437796,0.352672661201814,0.002
"Residuals",15,4.25551863608287,0.283701242405525,NA,0.647327338798186,NA
"Total",16,6.57398256032809,NA,NA,1,NA
