"","Df","SumsOfSqs","MeanSqs","F.Model","R2","Pr(>F)"
"dat.trim.wide.allyears$Region",2,0.337650923800684,0.168825461900342,0.898542075879313,0.0696622975366817,0.326
"Residuals",24,4.50931703075018,0.187888209614591,NA,0.930337702463318,NA
"Total",26,4.84696795455086,NA,NA,1,NA
