"","Df","SumsOfSqs","MeanSqs","F.Model","R2","Pr(>F)"
"dat.trim.wide.allyears$Region",2,0.591686876385221,0.295843438192611,1.0273053968343,0.0788578578256052,0.255
"Residuals",24,6.91152070114931,0.287980029214554,NA,0.921142142174395,NA
"Total",26,7.50320757753453,NA,NA,1,NA
