"","Df","SumsOfSqs","MeanSqs","F.Model","R2","Pr(>F)"
"dat.trim.wide.1987_2015$Year",1,1.58016105769818,1.58016105769818,7.32005129975298,0.327958533851309,0.001
"Residuals",15,3.23801226178191,0.215867484118794,NA,0.672041466148691,NA
"Total",16,4.8181733194801,NA,NA,1,NA
