"","Df","SumsOfSqs","MeanSqs","F.Model","R2","Pr(>F)"
"dat.trim.wide.allyears$Year",1,1.20789548207517,1.20789548207517,8.29809993625538,0.249206409739323,0.001
"Residuals",25,3.63907247247569,0.145562898899028,NA,0.750793590260677,NA
"Total",26,4.84696795455086,NA,NA,1,NA
