"","Df","SumsOfSqs","MeanSqs","F.Model","R2","Pr(>F)"
"dat.trim.wide.allyears$Year",1,1.37468786413895,1.37468786413895,5.60774839776641,0.183213359077913,0.001
"Residuals",25,6.12851971339557,0.245140788535823,NA,0.816786640922087,NA
"Total",26,7.50320757753453,NA,NA,1,NA
