"","Df","SumsOfSqs","MeanSqs","F.Model","R2","Pr(>F)"
"dat.trim.wide$Year",1,1.49162904239104,1.49162904239104,5.95337667120501,0.192333674430527,0.001
"Residuals",25,6.26379416577856,0.250551766631142,NA,0.807666325569473,NA
"Total",26,7.7554232081696,NA,NA,1,NA
