"","SITE","MEAN","SD","N","SE",".groups"
"1","Cape Alava",0.292430555555556,0.186265092004149,64,0.0232831365005186,"keep"
"2","Cape Johnson",0.151800766283525,0.171295668625735,58,0.0224922232115663,"keep"
"3","Destruction Island",0.489297052154195,0.204140612330704,49,0.029162944618672,"keep"
"4","Neah Bay",0.348408486530235,0.19396433871918,56,0.025919575026405,"keep"
"5","Tatoosh Island",0.414977777777778,0.200709655560521,50,0.0283846316992921,"keep"
