SITE,MEAN,SD,N,SE
Destruction Island,0.06058956916099775,0.1248338612049398,49,0.017833408743562828
Cape Johnson,0.4275478927203065,0.18442163350579688,58,0.024215746837809277
Cape Alava,0.3821875,0.17079702371475255,64,0.02134962796434407
Tatoosh Island,0.12031111111111115,0.18084653545964077,50,0.02557556231552108
Neah Bay,0.3575124096408282,0.2140417105782065,56,0.02860252669509559
