"","SITE","MEAN","SD","N","SE",".groups"
"1","Cape Alava",0.503968358889451,0.140033510737915,64,0.0175041888422393,"keep"
"2","Cape Johnson",0.520809222513266,0.124451831673974,58,0.0163413260799681,"keep"
"3","Destruction Island",0.533769887147916,0.161439108168621,49,0.0230627297383744,"keep"
"4","Neah Bay",0.629367555126806,0.0930678877003123,56,0.0124367196244758,"keep"
"5","Tatoosh Island",0.622392238809501,0.0945986573421836,50,0.0133782704195601,"keep"
